t,p_x,p_y,p_z,v_x,v_y,v_z,q_w,q_x,q_y,q_z,w_x,w_y,w_z,a_lin_x,a_lin_y,a_lin_z,a_rot_x,a_rot_y,a_rot_z,u_1,u_2,u_3,u_4,jerk_x,jerk_y,jerk_z,snap_x,snap_y,snap_z
0,0.0,-0.279334283450422,0.0,-3.2894906800053567,-2.572048428557969,-3.128556002953257,0.0,0.0,0.0,-0.4018515379583357,0.0,0.0,0.0,0,0,0,0,0,0,6.879000065125938,6.58370873698674,6.551135503965008,6.552305312770683,0,0,0,0,0,0
0.3051127813505658,0.0,0.0,-0.9963216464891544,0.0,0.0,0.0,0.0,-0.46470132919124896,-0.43253907519889445,0.0,0.0,0.0,0.0,0,0,0,0,0,0,6.87900006497148,6.856859092930524,6.879000068021486,6.879000067508491,0,0,0,0,0,0
